model,test_em,test_f1,test_em_se,test_f1_se
step_1300,2.29676359,9.37038297,0,0
step_2600,17.96112236,23.84028248,0,0
step_3900,0.85223355,6.43613406,0,0
step_5200,1.05805325,6.53160726,0,0
step_6500,0.02583979,3.82256262,0,0
step_7800,0.02583979,4.11861864,0.05064599,0.89813612
